message,order,d,d_end
"Lorem ipsum dolor sit amet, consectetur adipiscing elit, sed do eiusmod tempor incididunt ut labore et dolore magna aliqua.",1,M0 71c32.21 8.774 64.42 17.549 92 14 27.58-3.549 50.531-19.42 74-28 23.469-8.58 47.455-9.867 76-1s61.648 27.889 93 33c31.352 5.111 60.951-3.688 89-6s54.548 1.864 82 3c27.452 1.136 55.858-.767 82-3 26.142-2.233 50.019-4.796 75-8 24.981-3.204 51.067-7.049 83-11 31.933-3.951 69.713-8.009 99-1 29.287 7.009 50.083 25.084 71 29 20.917 3.916 41.957-6.326 72-17s69.091-21.78 99-21c29.909.78 50.68 13.442 73 19s46.192 4.01 78 7 71.554 10.52 104 4 57.591-27.091 82-27c24.409.091 48.08 20.844 72 24 23.92 3.156 48.087-11.284 80-13 31.913-1.716 71.573 9.29 98 14 26.427 4.71 39.623 3.121 66 2 26.377-1.121 65.936-1.775 98 0 32.064 1.775 56.633 5.978 88 1 31.367-4.978 69.534-19.137 83-23 13.466-3.863 2.233 2.568 31 9,l-40 929H0Z
"Ut enim ad minim veniam, quis nostrud exercitation ullamco laboris nisi ut aliquip ex ea commodo consequat.",2,,
Duis aute irure dolor in reprehenderit in voluptate velit esse cillum dolore eu fugiat nulla pariatur.,3,,
"Excepteur sint occaecat cupidatat non proident, sunt in culpa qui officia deserunt mollit anim id est laborum.",4,,
"Sed ut perspiciatis unde omnis iste natus error sit voluptatem accusantium doloremque laudantium, totam rem aperiam.",5,,
Eaque ipsa quae ab illo inventore veritatis et quasi architecto beatae vitae dicta sunt explicabo.,6,,
"Nemo enim ipsam voluptatem quia voluptas sit aspernatur aut odit aut fugit, sed quia consequuntur magni dolores eos.",7,,
"Qui ratione voluptatem sequi nesciunt, neque porro quisquam est, qui dolorem ipsum quia dolor sit amet, consectetur, adipisci velit.",8,,
Sed quia non numquam eius modi tempora incidunt ut labore et dolore magnam aliquam quaerat voluptatem.,9,,
"Ut enim ad minima veniam, quis nostrum exercitationem ullam corporis suscipit laboriosam, nisi ut aliquid ex ea commodi consequatur.",10,,